# 0x00. MySQL advanced

| `Back-end` | `SQL` | `MySQL` |

## Concepts

*For this project, we expect you to look at this concept:*

- [Advanced SQL](https://intranet.alxswe.com/concepts/555)

## Resources

**Read or watch:**

- [MySQL cheatsheet](https://intranet.alxswe.com/rltoken/8w9di_hk19DIMSBEV3EayQ)
- [MySQL Performance: How To Leverage MySQL Database Indexing](https://intranet.alxswe.com/rltoken/2GJbZ48zRPA70o2YhTdH7g)
- [Stored Procedure](https://intranet.alxswe.com/rltoken/K180X2OCzb6gzPngjn-EIg)
- [Triggers](https://intranet.alxswe.com/rltoken/cJ1qA4o-rRm4rWIsqYKSZg)
- [Views](https://intranet.alxswe.com/rltoken/vHg1z3UAOcWMvOt8xZHeiA)
- [Functions and Operators](https://intranet.alxswe.com/rltoken/g-c1m6iljScpi4LeqxBRqQ)
- [Trigger Syntax and Examples](https://intranet.alxswe.com/rltoken/gLVwKjQfRL0Jr_nWqAS7VQ)
- [CREATE TABLE Statement](https://intranet.alxswe.com/rltoken/X789nJ22H6HVh1uCQPl0lg)
- [CREATE PROCEDURE and CREATE FUNCTION Statements](https://intranet.alxswe.com/rltoken/mfrWMt1KL3NHXblJykMgZg)
- [CREATE INDEX Statement](https://intranet.alxswe.com/rltoken/oCu8Rg9WfKyF4BhTt8dZGQ)
- [CREATE VIEW Statement](https://intranet.alxswe.com/rltoken/FEZNlZFKZmD1ISnLINkCwQ)

## Learning Objectives

At the end of this project, you are expected to be able to explain to anyone, without the help of Google:

### General

- How to create tables with constraints
- How to optimize queries by adding indexes
- What is and how to implement stored procedures and functions in MySQL
- What is and how to implement views in MySQL
- What is and how to implement triggers in MySQL

## Requirements

General

- All your files will be executed on Ubuntu 18.04 LTS using `MySQL 5.7` (version 5.7.30)
- All your files should end with a new line
- All your SQL queries should have a comment just before (i.e. syntax above)
- All your files should start by a comment describing the task
- All SQL keywords should be in uppercase (`SELECT`, `WHERE`…)
- A `README.md` file, at the root of the folder of the project, is mandatory
- The length of your files will be tested using `wc`

## More Info

### Comments for your SQL file:

```shell
$ cat my_script.sql
-- 3 first students in the Batch ID=3
-- because Batch 3 is the best!
SELECT id, name FROM students WHERE batch_id = 3 ORDER BY created_at DESC LIMIT 3;
$
```

### How to import a SQL dump

```shell
$ echo "CREATE DATABASE hbtn_0d_tvshows;" | mysql -uroot -p
Enter password: 
$ curl "https://s3.amazonaws.com/intranet-projects-files/holbertonschool-higher-level_programming+/274/hbtn_0d_tvshows.sql" -s | mysql -uroot -p hbtn_0d_tvshows
Enter password: 
$ echo "SELECT * FROM tv_genres" | mysql -uroot -p hbtn_0d_tvshows
Enter password: 
id  name
1   Drama
2   Mystery
3   Adventure
4   Fantasy
5   Comedy
6   Crime
7   Suspense
8   Thriller
$
```

## Tasks

### 0. We are all unique!

Write a SQL script that creates a table `users` following these requirements:

- With these attributes:

  - `id`, integer, never null, auto increment and primary key
  - `email`, string (255 characters), never null and unique
  - `name`, string (255 characters)

- If the table already exists, your script should not fail
- Your script can be executed on any database

**Context:** *Make an attribute unique directly in the table schema will enforced your business rules and avoid bugs in your application*

```shell
bob@dylan:~$ echo "SELECT * FROM users;" | mysql -uroot -p holberton
Enter password: 
ERROR 1146 (42S02) at line 1: Table 'holberton.users' doesn't exist
bob@dylan:~$ 
bob@dylan:~$ cat 0-uniq_users.sql | mysql -uroot -p holberton
Enter password: 
bob@dylan:~$ 
bob@dylan:~$ echo 'INSERT INTO users (email, name) VALUES ("bob@dylan.com", "Bob");' | mysql -uroot -p holberton
Enter password: 
bob@dylan:~$ echo 'INSERT INTO users (email, name) VALUES ("sylvie@dylan.com", "Sylvie");' | mysql -uroot -p holberton
Enter password: 
bob@dylan:~$ echo 'INSERT INTO users (email, name) VALUES ("bob@dylan.com", "Jean");' | mysql -uroot -p holberton
Enter password: 
ERROR 1062 (23000) at line 1: Duplicate entry 'bob@dylan.com' for key 'email'
bob@dylan:~$ 
bob@dylan:~$ echo "SELECT * FROM users;" | mysql -uroot -p holberton
Enter password: 
id  email   name
1   bob@dylan.com   Bob
2   sylvie@dylan.com    Sylvie
bob@dylan:~$ 
```

solution - [0-uniq_users.sql](./0-uniq_users.sql)

### 1. In and not out

Write a SQL script that creates a table `users` following these requirements:

- With these attributes:
  - `id`, integer, never null, auto increment and primary key
  - `email`, string (255 characters), never null and unique
  - `name`, string (255 characters)
  - `country`, enumeration of countries: `US`, `CO` and `TN`, never null (= default will be the first element of the enumeration, here `US`)
- If the table already exists, your script should not fail
- Your script can be executed on any database

```shell
bob@dylan:~$ echo "SELECT * FROM users;" | mysql -uroot -p holberton
Enter password: 
ERROR 1146 (42S02) at line 1: Table 'holberton.users' doesn't exist
bob@dylan:~$ 
bob@dylan:~$ cat 1-country_users.sql | mysql -uroot -p holberton
Enter password: 
bob@dylan:~$ 
bob@dylan:~$ echo 'INSERT INTO users (email, name, country) VALUES ("bob@dylan.com", "Bob", "US");' | mysql -uroot -p holberton
Enter password: 
bob@dylan:~$ echo 'INSERT INTO users (email, name, country) VALUES ("sylvie@dylan.com", "Sylvie", "CO");' | mysql -uroot -p holberton
Enter password: 
bob@dylan:~$ echo 'INSERT INTO users (email, name, country) VALUES ("jean@dylan.com", "Jean", "FR");' | mysql -uroot -p holberton
Enter password: 
ERROR 1265 (01000) at line 1: Data truncated for column 'country' at row 1
bob@dylan:~$ 
bob@dylan:~$ echo 'INSERT INTO users (email, name) VALUES ("john@dylan.com", "John");' | mysql -uroot -p holberton
Enter password: 
bob@dylan:~$ 
bob@dylan:~$ echo "SELECT * FROM users;" | mysql -uroot -p holberton
Enter password: 
id  email   name    country
1   bob@dylan.com   Bob US
2   sylvie@dylan.com    Sylvie  CO
3   john@dylan.com  John    US
bob@dylan:~$
```

solution - [1-country_users.sql](./1-country_users.sql)

### 2. Best band ever

Write a SQL script that ranks country origins of bands, ordered by the number of (non-unique) fans

**Requirements:**

- Import this table dump: [metal_bands.sql.zip](https://intranet.alxswe.com/rltoken/uPn947gnZLaa0FJrrAFTGQ)
- Column names must be: `origin` and `nb_fans`
- Your script can be executed on any database

**Context:** *Calculate/compute something is always power intensive… better to distribute the load!*

```shell
bob@dylan:~$ cat metal_bands.sql | mysql -uroot -p holberton
Enter password: 
bob@dylan:~$ 
bob@dylan:~$ cat 2-fans.sql | mysql -uroot -p holberton > tmp_res ; head tmp_res
Enter password: 
origin  nb_fans
USA 99349
Sweden  47169
Finland 32878
United Kingdom  32518
Germany 29486
Norway  22405
Canada  8874
The Netherlands 8819
Italy   7178
bob@dylan:~$
```

solution - [2-fans.sql](./2-fans.sql)

### 3. Old school band

Write a SQL script that lists all bands with `Glam rock` as their main style, ranked by their longevity

**Requirements:**

- Import this table dump: [metal_bands.sql.zip](https://intranet.alxswe.com/rltoken/uPn947gnZLaa0FJrrAFTGQ)
- Column names must be: `band_name` and `lifespan` (in years)
- You should use attributes `formed` and `split` for computing the `lifespan`
- Your script can be executed on any database

```shell
bob@dylan:~$ cat metal_bands.sql | mysql -uroot -p holberton
Enter password: 
bob@dylan:~$ 
bob@dylan:~$ cat 3-glam_rock.sql | mysql -uroot -p holberton 
Enter password: 
band_name   lifespan
Alice Cooper    56
Mötley Crüe   34
Marilyn Manson  31
The 69 Eyes 30
Hardcore Superstar  23
Nasty Idols 0
Hanoi Rocks 0
bob@dylan:~$
```

solution - [3-glam_rock.sql](./3-glam_rock.sql)

### 4. Buy buy buy

Write a SQL script that creates a trigger that decreases the quantity of an item after adding a new order.

Quantity in the table `items` can be negative.

**Context:** *Updating multiple tables for one action from your application can generate issue: network disconnection, crash, etc… to keep your data in a good shape, let MySQL do it for you!*

```shell
bob@dylan:~$ cat 4-init.sql
-- Initial
DROP TABLE IF EXISTS items;
DROP TABLE IF EXISTS orders;

CREATE TABLE IF NOT EXISTS items (
    name VARCHAR(255) NOT NULL,
    quantity int NOT NULL DEFAULT 10
);

CREATE TABLE IF NOT EXISTS orders (
    item_name VARCHAR(255) NOT NULL,
    number int NOT NULL
);

INSERT INTO items (name) VALUES ("apple"), ("pineapple"), ("pear");

bob@dylan:~$ 
bob@dylan:~$ cat 4-init.sql | mysql -uroot -p holberton 
Enter password: 
bob@dylan:~$ 
bob@dylan:~$ cat 4-store.sql | mysql -uroot -p holberton 
Enter password: 
bob@dylan:~$ 
bob@dylan:~$ cat 4-main.sql
Enter password: 
-- Show and add orders
SELECT * FROM items;
SELECT * FROM orders;

INSERT INTO orders (item_name, number) VALUES ('apple', 1);
INSERT INTO orders (item_name, number) VALUES ('apple', 3);
INSERT INTO orders (item_name, number) VALUES ('pear', 2);

SELECT "--";

SELECT * FROM items;
SELECT * FROM orders;

bob@dylan:~$ 
bob@dylan:~$ cat 4-main.sql | mysql -uroot -p holberton 
Enter password: 
name    quantity
apple   10
pineapple   10
pear    10
--
--
name    quantity
apple   6
pineapple   10
pear    8
item_name   number
apple   1
apple   3
pear    2
bob@dylan:~$
```

solution - [4-store.sql](./4-store.sql)

### 5. Email validation to sent

Write a SQL script that creates a trigger that resets the attribute valid_email only when the `email` has been changed.

**Context:** *Nothing related to MySQL, but perfect for user email validation - distribute the logic to the database itself!*

```shell
bob@dylan:~$ cat 5-init.sql
-- Initial
DROP TABLE IF EXISTS users;

CREATE TABLE IF NOT EXISTS users (
    id int not null AUTO_INCREMENT,
    email varchar(255) not null,
    name varchar(255),
    valid_email boolean not null default 0,
    PRIMARY KEY (id)
);

INSERT INTO users (email, name) VALUES ("bob@dylan.com", "Bob");
INSERT INTO users (email, name, valid_email) VALUES ("sylvie@dylan.com", "Sylvie", 1);
INSERT INTO users (email, name, valid_email) VALUES ("jeanne@dylan.com", "Jeanne", 1);

bob@dylan:~$ 
bob@dylan:~$ cat 5-init.sql | mysql -uroot -p holberton 
Enter password: 
bob@dylan:~$ 
bob@dylan:~$ cat 5-valid_email.sql | mysql -uroot -p holberton 
Enter password: 
bob@dylan:~$ 
bob@dylan:~$ cat 5-main.sql
Enter password: 
-- Show users and update (or not) email
SELECT * FROM users;

UPDATE users SET valid_email = 1 WHERE email = "bob@dylan.com";
UPDATE users SET email = "sylvie+new@dylan.com" WHERE email = "sylvie@dylan.com";
UPDATE users SET name = "Jannis" WHERE email = "jeanne@dylan.com";

SELECT "--";
SELECT * FROM users;

UPDATE users SET email = "bob@dylan.com" WHERE email = "bob@dylan.com";

SELECT "--";
SELECT * FROM users;

bob@dylan:~$ 
bob@dylan:~$ cat 5-main.sql | mysql -uroot -p holberton 
Enter password: 
id  email   name    valid_email
1   bob@dylan.com   Bob 0
2   sylvie@dylan.com    Sylvie  1
3   jeanne@dylan.com    Jeanne  1
--
--
id  email   name    valid_email
1   bob@dylan.com   Bob 1
2   sylvie+new@dylan.com    Sylvie  0
3   jeanne@dylan.com    Jannis  1
--
--
id  email   name    valid_email
1   bob@dylan.com   Bob 1
2   sylvie+new@dylan.com    Sylvie  0
3   jeanne@dylan.com    Jannis  1
bob@dylan:~$
```

solution - [5-valid_email.sql](./5-valid_email.sql)

### 6. Add bonus

Write a SQL script that creates a stored procedure `AddBonus` that adds a new correction for a student.

**Requirements:**

- Procedure `AddBonus` is taking 3 inputs (in this order):
  - `user_id`, a `users.id` value (you can assume `user_id` is linked to an existing `users`)
  - `project_name`, a new or already exists `projects` - if no `projects.name` found in the table, you should create it
  - `score`, the score value for the correction

**Context:** *Write code in SQL is a nice level up!*

```shell
bob@dylan:~$ cat 6-init.sql
-- Initial
DROP TABLE IF EXISTS corrections;
DROP TABLE IF EXISTS users;
DROP TABLE IF EXISTS projects;

CREATE TABLE IF NOT EXISTS users (
    id int not null AUTO_INCREMENT,
    name varchar(255) not null,
    average_score float default 0,
    PRIMARY KEY (id)
);

CREATE TABLE IF NOT EXISTS projects (
    id int not null AUTO_INCREMENT,
    name varchar(255) not null,
    PRIMARY KEY (id)
);

CREATE TABLE IF NOT EXISTS corrections (
    user_id int not null,
    project_id int not null,
    score int default 0,
    KEY `user_id` (`user_id`),
    KEY `project_id` (`project_id`),
    CONSTRAINT fk_user_id FOREIGN KEY (`user_id`) REFERENCES `users` (`id`) ON DELETE CASCADE,
    CONSTRAINT fk_project_id FOREIGN KEY (`project_id`) REFERENCES `projects` (`id`) ON DELETE CASCADE
);

INSERT INTO users (name) VALUES ("Bob");
SET @user_bob = LAST_INSERT_ID();

INSERT INTO users (name) VALUES ("Jeanne");
SET @user_jeanne = LAST_INSERT_ID();

INSERT INTO projects (name) VALUES ("C is fun");
SET @project_c = LAST_INSERT_ID();

INSERT INTO projects (name) VALUES ("Python is cool");
SET @project_py = LAST_INSERT_ID();


INSERT INTO corrections (user_id, project_id, score) VALUES (@user_bob, @project_c, 80);
INSERT INTO corrections (user_id, project_id, score) VALUES (@user_bob, @project_py, 96);

INSERT INTO corrections (user_id, project_id, score) VALUES (@user_jeanne, @project_c, 91);
INSERT INTO corrections (user_id, project_id, score) VALUES (@user_jeanne, @project_py, 73);

bob@dylan:~$ 
bob@dylan:~$ cat 6-init.sql | mysql -uroot -p holberton 
Enter password: 
bob@dylan:~$ 
bob@dylan:~$ cat 6-bonus.sql | mysql -uroot -p holberton 
Enter password: 
bob@dylan:~$ 
bob@dylan:~$ cat 6-main.sql
Enter password: 
-- Show and add bonus correction
SELECT * FROM projects;
SELECT * FROM corrections;

SELECT "--";

CALL AddBonus((SELECT id FROM users WHERE name = "Jeanne"), "Python is cool", 100);

CALL AddBonus((SELECT id FROM users WHERE name = "Jeanne"), "Bonus project", 100);
CALL AddBonus((SELECT id FROM users WHERE name = "Bob"), "Bonus project", 10);

CALL AddBonus((SELECT id FROM users WHERE name = "Jeanne"), "New bonus", 90);

SELECT "--";

SELECT * FROM projects;
SELECT * FROM corrections;

bob@dylan:~$ 
bob@dylan:~$ cat 6-main.sql | mysql -uroot -p holberton 
Enter password: 
id  name
1   C is fun
2   Python is cool
user_id project_id  score
1   1   80
1   2   96
2   1   91
2   2   73
--
--
--
--
id  name
1   C is fun
2   Python is cool
3   Bonus project
4   New bonus
user_id project_id  score
1   1   80
1   2   96
2   1   91
2   2   73
2   2   100
2   3   100
1   3   10
2   4   90
bob@dylan:~$
```

solution - [6-bonus.sql](./6-bonus.sql)

### 7. Average score

Write a SQL script that creates a stored procedure `ComputeAverageScoreForUser` that computes and store the average score for a student. Note: An average score can be a decimal

**Requirements:**

- Procedure `ComputeAverageScoreForUser` is taking 1 input:
  - `user_id`, a `users.id` value (you can assume `user_id` is linked to an existing `users`)

```shell
bob@dylan:~$ cat 7-init.sql
-- Initial
DROP TABLE IF EXISTS corrections;
DROP TABLE IF EXISTS users;
DROP TABLE IF EXISTS projects;

CREATE TABLE IF NOT EXISTS users (
    id int not null AUTO_INCREMENT,
    name varchar(255) not null,
    average_score float default 0,
    PRIMARY KEY (id)
);

CREATE TABLE IF NOT EXISTS projects (
    id int not null AUTO_INCREMENT,
    name varchar(255) not null,
    PRIMARY KEY (id)
);

CREATE TABLE IF NOT EXISTS corrections (
    user_id int not null,
    project_id int not null,
    score int default 0,
    KEY `user_id` (`user_id`),
    KEY `project_id` (`project_id`),
    CONSTRAINT fk_user_id FOREIGN KEY (`user_id`) REFERENCES `users` (`id`) ON DELETE CASCADE,
    CONSTRAINT fk_project_id FOREIGN KEY (`project_id`) REFERENCES `projects` (`id`) ON DELETE CASCADE
);

INSERT INTO users (name) VALUES ("Bob");
SET @user_bob = LAST_INSERT_ID();

INSERT INTO users (name) VALUES ("Jeanne");
SET @user_jeanne = LAST_INSERT_ID();

INSERT INTO projects (name) VALUES ("C is fun");
SET @project_c = LAST_INSERT_ID();

INSERT INTO projects (name) VALUES ("Python is cool");
SET @project_py = LAST_INSERT_ID();


INSERT INTO corrections (user_id, project_id, score) VALUES (@user_bob, @project_c, 80);
INSERT INTO corrections (user_id, project_id, score) VALUES (@user_bob, @project_py, 96);

INSERT INTO corrections (user_id, project_id, score) VALUES (@user_jeanne, @project_c, 91);
INSERT INTO corrections (user_id, project_id, score) VALUES (@user_jeanne, @project_py, 73);

bob@dylan:~$ 
bob@dylan:~$ cat 7-init.sql | mysql -uroot -p holberton 
Enter password: 
bob@dylan:~$ 
bob@dylan:~$ cat 7-average_score.sql | mysql -uroot -p holberton 
Enter password: 
bob@dylan:~$ 
bob@dylan:~$ cat 7-main.sql
-- Show and compute average score
SELECT * FROM users;
SELECT * FROM corrections;

SELECT "--";
CALL ComputeAverageScoreForUser((SELECT id FROM users WHERE name = "Jeanne"));

SELECT "--";
SELECT * FROM users;

bob@dylan:~$ 
bob@dylan:~$ cat 7-main.sql | mysql -uroot -p holberton 
Enter password: 
id  name    average_score
1   Bob 0
2   Jeanne  0
user_id project_id  score
1   1   80
1   2   96
2   1   91
2   2   73
--
--
--
--
id  name    average_score
1   Bob 0
2   Jeanne  82
bob@dylan:~$
```

solution - [7-average_score.sql](./7-average_score.sql)

### 8. Optimize simple search

Write a SQL script that creates an index `idx_name_first` on the table `names` and the first letter of `name`.

**Requirements:**

- Import this table dump: [names.sql.zip](https://intranet.alxswe.com/rltoken/BluyCCIIfw0NqcjqUiUdEw)
- Only the first letter of name must be indexed

**Context:** *Index is not the solution for any performance issue, but well used, it’s really powerful!*

```shell
bob@dylan:~$ cat names.sql | mysql -uroot -p holberton
Enter password: 
bob@dylan:~$ 
bob@dylan:~$ mysql -uroot -p holberton
Enter password: 
mysql> SELECT COUNT(name) FROM names WHERE name LIKE 'a%';
+-------------+
| COUNT(name) |
+-------------+
|      302936 |
+-------------+
1 row in set (2.19 sec)
mysql> 
mysql> exit
bye
bob@dylan:~$ 
bob@dylan:~$ cat 8-index_my_names.sql | mysql -uroot -p holberton 
Enter password: 
bob@dylan:~$ 
bob@dylan:~$ mysql -uroot -p holberton
Enter password: 
mysql> SHOW index FROM names;
+-------+------------+----------------+--------------+-------------+-----------+-------------+----------+--------+------+------------+---------+---------------+
| Table | Non_unique | Key_name       | Seq_in_index | Column_name | Collation | Cardinality | Sub_part | Packed | Null | Index_type | Comment | Index_comment |
+-------+------------+----------------+--------------+-------------+-----------+-------------+----------+--------+------+------------+---------+---------------+
| names |          1 | idx_name_first |            1 | name        | A         |          25 |        1 | NULL   | YES  | BTREE      |         |               |
+-------+------------+----------------+--------------+-------------+-----------+-------------+----------+--------+------+------------+---------+---------------+
1 row in set (0.00 sec)
mysql> 
mysql> SELECT COUNT(name) FROM names WHERE name LIKE 'a%';
+-------------+
| COUNT(name) |
+-------------+
|      302936 |
+-------------+
1 row in set (0.82 sec)
mysql> 
mysql> exit
bye
bob@dylan:~$
```
solution - [8-index_my_names.sql](./8-index_my_names.sql)
